Nom;Prénom;Statut
Dupond;Paul;Titulaire
Leclair;Didier;Titulaire
Villeneuve;Sophie;Titulaire
Giroux;Samuel;Titulaire
Richaud;Stephan;Vacataire
Jacques;Agathe;Vacataire
Bourreau;Arthur;Vacataire
Vincent;Emilie;Vacataire
Duval;Lucie;Vacataire
Daniau;Aiden;Vacataire
Linville;Max;Vacataire
Nom;Prénom;Statut
Dupond;Paul;Titulaire
Leclair;Didier;Titulaire
Villeneuve;Sophie;Titulaire
Giroux;Samuel;Titulaire
Richaud;Stephan;Vacataire
Jacques;Agathe;Vacataire
Bourreau;Arthur;Vacataire
Vincent;Emilie;Vacataire
Duval;Lucie;Vacataire
Daniau;Aiden;Vacataire
Linville;Max;Vacataire
Nom;Prénom;Statut
Dupond;Paul;Titulaire
Leclair;Didier;Titulaire
Villeneuve;Sophie;Titulaire
Giroux;Samuel;Titulaire
Richaud;Stephan;Vacataire
Jacques;Agathe;Vacataire
Bourreau;Arthur;Vacataire
Vincent;Emilie;Vacataire
Duval;Lucie;Vacataire
Daniau;Aiden;Vacataire
Linville;Max;Vacataire
Nom;Prénom;Statut
Dupond;Paul;Titulaire
Leclair;Didier;Titulaire
Villeneuve;Sophie;Titulaire
Giroux;Samuel;Titulaire
Richaud;Stephan;Vacataire
Jacques;Agathe;Vacataire
Bourreau;Arthur;Vacataire
Vincent;Emilie;Vacataire
Duval;Lucie;Vacataire
Daniau;Aiden;Vacataire
Linville;Max;Vacataire
Nom;Prénom;Statut
Dupond;Paul;Titulaire
Leclair;Didier;Titulaire
Villeneuve;Sophie;Titulaire
Giroux;Samuel;Titulaire
Richaud;Stephan;Vacataire
Jacques;Agathe;Vacataire
Bourreau;Arthur;Vacataire
Vincent;Emilie;Vacataire
Duval;Lucie;Vacataire
Daniau;Aiden;Vacataire
Linville;Max;Vacataire
Nom;Prénom;Statut
Dupond;Paul;Titulaire
Leclair;Didier;Titulaire
Villeneuve;Sophie;Titulaire
Giroux;Samuel;Titulaire
Richaud;Stephan;Vacataire
Jacques;Agathe;Vacataire
Bourreau;Arthur;Vacataire
Vincent;Emilie;Vacataire
Duval;Lucie;Vacataire
Daniau;Aiden;Vacataire
Linville;Max;Vacataire
Nom;Prénom;Statut
Dupond;Paul;Titulaire
Leclair;Didier;Titulaire
Villeneuve;Sophie;Titulaire
Giroux;Samuel;Titulaire
Richaud;Stephan;Vacataire
Jacques;Agathe;Vacataire
Bourreau;Arthur;Vacataire
Vincent;Emilie;Vacataire
Duval;Lucie;Vacataire
Daniau;Aiden;Vacataire
Linville;Max;Vacataire
Nom;Prénom;Statut
Dupond;Paul;Titulaire
Leclair;Didier;Titulaire
Villeneuve;Sophie;Titulaire
Giroux;Samuel;Titulaire
Richaud;Stephan;Vacataire
Jacques;Agathe;Vacataire
Bourreau;Arthur;Vacataire
Vincent;Emilie;Vacataire
Duval;Lucie;Vacataire
Daniau;Aiden;Vacataire
Linville;Max;Vacataire
Nom;Prénom;Statut
Dupond;Paul;Titulaire
Leclair;Didier;Titulaire
Villeneuve;Sophie;Titulaire
Giroux;Samuel;Titulaire
Richaud;Stephan;Vacataire
Jacques;Agathe;Vacataire
Bourreau;Arthur;Vacataire
Vincent;Emilie;Vacataire
Duval;Lucie;Vacataire
Daniau;Aiden;Vacataire
Linville;Max;Vacataire
Nom;Prénom;Statut
Dupond;Paul;Titulaire
Leclair;Didier;Titulaire
Villeneuve;Sophie;Titulaire
Giroux;Samuel;Titulaire
Richaud;Stephan;Vacataire
Jacques;Agathe;Vacataire
Bourreau;Arthur;Vacataire
Vincent;Emilie;Vacataire
Duval;Lucie;Vacataire
Daniau;Aiden;Vacataire
Linville;Max;Vacataire
Nom;Prénom;Statut
Dupond;Paul;Titulaire
Leclair;Didier;Titulaire
Villeneuve;Sophie;Titulaire
Giroux;Samuel;Titulaire
Richaud;Stephan;Vacataire
Jacques;Agathe;Vacataire
Bourreau;Arthur;Vacataire
Vincent;Emilie;Vacataire
Duval;Lucie;Vacataire
Daniau;Aiden;Vacataire
Linville;Max;Vacataire
Nom;Prénom;Statut
Dupond;Paul;Titulaire
Leclair;Didier;Titulaire
Villeneuve;Sophie;Titulaire
Giroux;Samuel;Titulaire
Richaud;Stephan;Vacataire
Jacques;Agathe;Vacataire
Bourreau;Arthur;Vacataire
Vincent;Emilie;Vacataire
Duval;Lucie;Vacataire
Daniau;Aiden;Vacataire
Linville;Max;Vacataire
Nom;Prénom;Statut
Dupond;Paul;Titulaire
Leclair;Didier;Titulaire
Villeneuve;Sophie;Titulaire
Giroux;Samuel;Titulaire
Richaud;Stephan;Vacataire
Jacques;Agathe;Vacataire
Bourreau;Arthur;Vacataire
Vincent;Emilie;Vacataire
Duval;Lucie;Vacataire
Daniau;Aiden;Vacataire
Linville;Max;Vacataire
Nom;Prénom;Statut
Dupond;Paul;Titulaire
Leclair;Didier;Titulaire
Villeneuve;Sophie;Titulaire
Giroux;Samuel;Titulaire
Richaud;Stephan;Vacataire
Jacques;Agathe;Vacataire
Bourreau;Arthur;Vacataire
Vincent;Emilie;Vacataire
Duval;Lucie;Vacataire
Daniau;Aiden;Vacataire
Linville;Max;Vacataire
Nom;Prénom;Statut
Dupond;Paul;Titulaire
Leclair;Didier;Titulaire
Villeneuve;Sophie;Titulaire
Giroux;Samuel;Titulaire
Richaud;Stephan;Vacataire
Jacques;Agathe;Vacataire
Bourreau;Arthur;Vacataire
Vincent;Emilie;Vacataire
Duval;Lucie;Vacataire
Daniau;Aiden;Vacataire
Linville;Max;Vacataire
Nom;Prénom;Statut
Dupond;Paul;Titulaire
Leclair;Didier;Titulaire
Villeneuve;Sophie;Titulaire
Giroux;Samuel;Titulaire
Richaud;Stephan;Vacataire
Jacques;Agathe;Vacataire
Bourreau;Arthur;Vacataire
Vincent;Emilie;Vacataire
Duval;Lucie;Vacataire
Daniau;Aiden;Vacataire
Linville;Max;Vacataire
Test;test;
Nom;Prénom;Statut
Dupond;Paul;Titulaire
Leclair;Didier;Titulaire
Villeneuve;Sophie;Titulaire
Giroux;Samuel;Titulaire
Richaud;Stephan;Vacataire
Jacques;Agathe;Vacataire
Bourreau;Arthur;Vacataire
Vincent;Emilie;Vacataire
Duval;Lucie;Vacataire
Daniau;Aiden;Vacataire
Linville;Max;Vacataire
Test;test;
Nom;Prénom;Statut
Dupond;Paul;Titulaire
Leclair;Didier;Titulaire
Villeneuve;Sophie;Titulaire
Giroux;Samuel;Titulaire
Richaud;Stephan;Vacataire
Jacques;Agathe;Vacataire
Bourreau;Arthur;Vacataire
Vincent;Emilie;Vacataire
Duval;Lucie;Vacataire
Daniau;Aiden;Vacataire
Linville;Max;Vacataire
Test;test;
Test;test;
Nom;Prénom;Statut
Dupond;Paul;Titulaire
Leclair;Didier;Titulaire
Villeneuve;Sophie;Titulaire
Giroux;Samuel;Titulaire
Richaud;Stephan;Vacataire
Jacques;Agathe;Vacataire
Bourreau;Arthur;Vacataire
Vincent;Emilie;Vacataire
Duval;Lucie;Vacataire
Daniau;Aiden;Vacataire
Linville;Max;Vacataire
Test;test;
Test;test;
Nom;Prénom;Statut
Dupond;Paul;Titulaire
Leclair;Didier;Titulaire
Villeneuve;Sophie;Titulaire
Giroux;Samuel;Titulaire
Richaud;Stephan;Vacataire
Jacques;Agathe;Vacataire
Bourreau;Arthur;Vacataire
Vincent;Emilie;Vacataire
Duval;Lucie;Vacataire
Daniau;Aiden;Vacataire
Linville;Max;Vacataire
Test;test;
Test;test;
Nom;Prénom;Statut
Dupond;Paul;Titulaire
Leclair;Didier;Titulaire
Villeneuve;Sophie;Titulaire
Giroux;Samuel;Titulaire
Richaud;Stephan;Vacataire
Jacques;Agathe;Vacataire
Bourreau;Arthur;Vacataire
Vincent;Emilie;Vacataire
Duval;Lucie;Vacataire
Daniau;Aiden;Vacataire
Linville;Max;Vacataire
Test;test;
Test;test;
Nom;Prénom;Statut
Dupond;Paul;Titulaire
Leclair;Didier;Titulaire
Villeneuve;Sophie;Titulaire
Giroux;Samuel;Titulaire
Richaud;Stephan;Vacataire
Jacques;Agathe;Vacataire
Bourreau;Arthur;Vacataire
Vincent;Emilie;Vacataire
Duval;Lucie;Vacataire
Daniau;Aiden;Vacataire
Linville;Max;Vacataire
Test;test;
Test;test;
Nom;Prénom;Statut
Dupond;Paul;Titulaire
Leclair;Didier;Titulaire
Villeneuve;Sophie;Titulaire
Giroux;Samuel;Titulaire
Richaud;Stephan;Vacataire
Jacques;Agathe;Vacataire
Bourreau;Arthur;Vacataire
Vincent;Emilie;Vacataire
Duval;Lucie;Vacataire
Daniau;Aiden;Vacataire
Linville;Max;Vacataire
Test;test;
Test;test;
Nom;Prénom;Statut
Dupond;Paul;Titulaire
Leclair;Didier;Titulaire
Villeneuve;Sophie;Titulaire
Giroux;Samuel;Titulaire
Richaud;Stephan;Vacataire
Jacques;Agathe;Vacataire
Bourreau;Arthur;Vacataire
Vincent;Emilie;Vacataire
Duval;Lucie;Vacataire
Daniau;Aiden;Vacataire
Linville;Max;Vacataire
Test;test;
Test;test;
Nom;Prénom;Statut
Dupond;Paul;Titulaire
Leclair;Didier;Titulaire
Villeneuve;Sophie;Titulaire
Giroux;Samuel;Titulaire
Richaud;Stephan;Vacataire
Jacques;Agathe;Vacataire
Bourreau;Arthur;Vacataire
Vincent;Emilie;Vacataire
Duval;Lucie;Vacataire
Daniau;Aiden;Vacataire
Linville;Max;Vacataire
Test;test;
Test;test;
Nom;Prénom;Statut
Dupond;Paul;Titulaire
Leclair;Didier;Titulaire
Villeneuve;Sophie;Titulaire
Giroux;Samuel;Titulaire
Richaud;Stephan;Vacataire
Jacques;Agathe;Vacataire
Bourreau;Arthur;Vacataire
Vincent;Emilie;Vacataire
Duval;Lucie;Vacataire
Daniau;Aiden;Vacataire
Linville;Max;Vacataire
Test;test;
Test;test;
Nom;Prénom;Statut
Dupond;Paul;Titulaire
Leclair;Didier;Titulaire
Villeneuve;Sophie;Titulaire
Giroux;Samuel;Titulaire
Richaud;Stephan;Vacataire
Jacques;Agathe;Vacataire
Bourreau;Arthur;Vacataire
Vincent;Emilie;Vacataire
Duval;Lucie;Vacataire
Daniau;Aiden;Vacataire
Linville;Max;Vacataire
Test;test;
Test;test;
Nom;Prénom;Statut
Dupond;Paul;Titulaire
Leclair;Didier;Titulaire
Villeneuve;Sophie;Titulaire
Giroux;Samuel;Titulaire
Richaud;Stephan;Vacataire
Jacques;Agathe;Vacataire
Bourreau;Arthur;Vacataire
Vincent;Emilie;Vacataire
Duval;Lucie;Vacataire
Daniau;Aiden;Vacataire
Linville;Max;Vacataire
Test;test;
Test;test;
Nom;Prénom;Statut
Dupond;Paul;Titulaire
Leclair;Didier;Titulaire
Villeneuve;Sophie;Titulaire
Giroux;Samuel;Titulaire
Richaud;Stephan;Vacataire
Jacques;Agathe;Vacataire
Bourreau;Arthur;Vacataire
Vincent;Emilie;Vacataire
Duval;Lucie;Vacataire
Daniau;Aiden;Vacataire
Linville;Max;Vacataire
Test;test;
Test;test;
Nom;Prénom;Statut
Dupond;Paul;Titulaire
Leclair;Didier;Titulaire
Villeneuve;Sophie;Titulaire
Giroux;Samuel;Titulaire
Richaud;Stephan;Vacataire
Jacques;Agathe;Vacataire
Bourreau;Arthur;Vacataire
Vincent;Emilie;Vacataire
Duval;Lucie;Vacataire
Daniau;Aiden;Vacataire
Linville;Max;Vacataire
Test;test;
Test;test;
Nom;Prénom;Statut
Dupond;Paul;Titulaire
Leclair;Didier;Titulaire
Villeneuve;Sophie;Titulaire
Giroux;Samuel;Titulaire
Richaud;Stephan;Vacataire
Jacques;Agathe;Vacataire
Bourreau;Arthur;Vacataire
Vincent;Emilie;Vacataire
Duval;Lucie;Vacataire
Daniau;Aiden;Vacataire
Linville;Max;Vacataire
Test;test;
Test;test;
Nom;Prénom;Statut
Dupond;Paul;Titulaire
Leclair;Didier;Titulaire
Villeneuve;Sophie;Titulaire
Giroux;Samuel;Titulaire
Richaud;Stephan;Vacataire
Jacques;Agathe;Vacataire
Bourreau;Arthur;Vacataire
Vincent;Emilie;Vacataire
Duval;Lucie;Vacataire
Daniau;Aiden;Vacataire
Linville;Max;Vacataire
Test;test;
Test;test;
Nom;Prénom;Statut
Dupond;Paul;Titulaire
Leclair;Didier;Titulaire
Villeneuve;Sophie;Titulaire
Giroux;Samuel;Titulaire
Richaud;Stephan;Vacataire
Jacques;Agathe;Vacataire
Bourreau;Arthur;Vacataire
Vincent;Emilie;Vacataire
Duval;Lucie;Vacataire
Daniau;Aiden;Vacataire
Linville;Max;Vacataire
Test;test;
Test;test;
Nom;Prénom;Statut
Dupond;Paul;Titulaire
Leclair;Didier;Titulaire
Villeneuve;Sophie;Titulaire
Giroux;Samuel;Titulaire
Richaud;Stephan;Vacataire
Jacques;Agathe;Vacataire
Bourreau;Arthur;Vacataire
Vincent;Emilie;Vacataire
Duval;Lucie;Vacataire
Daniau;Aiden;Vacataire
Linville;Max;Vacataire
Test;test;
Test;test;
Nom;Prénom;Statut
Dupond;Paul;Titulaire
Leclair;Didier;Titulaire
Villeneuve;Sophie;Titulaire
Giroux;Samuel;Titulaire
Richaud;Stephan;Vacataire
Jacques;Agathe;Vacataire
Bourreau;Arthur;Vacataire
Vincent;Emilie;Vacataire
Duval;Lucie;Vacataire
Daniau;Aiden;Vacataire
Linville;Max;Vacataire
Test;test;
Test;test;
Nom;Prénom;Statut
Dupond;Paul;Titulaire
Leclair;Didier;Titulaire
Villeneuve;Sophie;Titulaire
Giroux;Samuel;Titulaire
Richaud;Stephan;Vacataire
Jacques;Agathe;Vacataire
Bourreau;Arthur;Vacataire
Vincent;Emilie;Vacataire
Duval;Lucie;Vacataire
Daniau;Aiden;Vacataire
Linville;Max;Vacataire
Test;test;
Test;test;
Nom;Prénom;Statut
Dupond;Paul;Titulaire
Leclair;Didier;Titulaire
Villeneuve;Sophie;Titulaire
Giroux;Samuel;Titulaire
Richaud;Stephan;Vacataire
Jacques;Agathe;Vacataire
Bourreau;Arthur;Vacataire
Vincent;Emilie;Vacataire
Duval;Lucie;Vacataire
Daniau;Aiden;Vacataire
Linville;Max;Vacataire
Test;test;
Test;test;
Nom;Prénom;Statut
Dupond;Paul;Titulaire
Leclair;Didier;Titulaire
Villeneuve;Sophie;Titulaire
Giroux;Samuel;Titulaire
Richaud;Stephan;Vacataire
Jacques;Agathe;Vacataire
Bourreau;Arthur;Vacataire
Vincent;Emilie;Vacataire
Duval;Lucie;Vacataire
Daniau;Aiden;Vacataire
Linville;Max;Vacataire
Test;test;
Test;test;
Nom;Prénom;Statut
Dupond;Paul;Titulaire
Leclair;Didier;Titulaire
Villeneuve;Sophie;Titulaire
Giroux;Samuel;Titulaire
Richaud;Stephan;Vacataire
Jacques;Agathe;Vacataire
Bourreau;Arthur;Vacataire
Vincent;Emilie;Vacataire
Duval;Lucie;Vacataire
Daniau;Aiden;Vacataire
Linville;Max;Vacataire
Test;test;
Test;test;
Nom;Prénom;Statut
Dupond;Paul;Titulaire
Leclair;Didier;Titulaire
Villeneuve;Sophie;Titulaire
Giroux;Samuel;Titulaire
Richaud;Stephan;Vacataire
Jacques;Agathe;Vacataire
Bourreau;Arthur;Vacataire
Vincent;Emilie;Vacataire
Duval;Lucie;Vacataire
Daniau;Aiden;Vacataire
Linville;Max;Vacataire
Test;test;
Test;test;
Nom;Prénom;Statut
Dupond;Paul;Titulaire
Leclair;Didier;Titulaire
Villeneuve;Sophie;Titulaire
Giroux;Samuel;Titulaire
Richaud;Stephan;Vacataire
Jacques;Agathe;Vacataire
Bourreau;Arthur;Vacataire
Vincent;Emilie;Vacataire
Duval;Lucie;Vacataire
Daniau;Aiden;Vacataire
Linville;Max;Vacataire
Test;test;
Test;test;
Nom;Prénom;Statut
Dupond;Paul;Titulaire
Leclair;Didier;Titulaire
Villeneuve;Sophie;Titulaire
Giroux;Samuel;Titulaire
Richaud;Stephan;Vacataire
Jacques;Agathe;Vacataire
Bourreau;Arthur;Vacataire
Vincent;Emilie;Vacataire
Duval;Lucie;Vacataire
Daniau;Aiden;Vacataire
Linville;Max;Vacataire
Test;test;
Test;test;
Nom;Prénom;Statut
Dupond;Paul;Titulaire
Leclair;Didier;Titulaire
Villeneuve;Sophie;Titulaire
Giroux;Samuel;Titulaire
Richaud;Stephan;Vacataire
Jacques;Agathe;Vacataire
Bourreau;Arthur;Vacataire
Vincent;Emilie;Vacataire
Duval;Lucie;Vacataire
Daniau;Aiden;Vacataire
Linville;Max;Vacataire
Test;test;
Test;test;
Nom;Prénom;Statut
Dupond;Paul;Titulaire
Leclair;Didier;Titulaire
Villeneuve;Sophie;Titulaire
Giroux;Samuel;Titulaire
Richaud;Stephan;Vacataire
Jacques;Agathe;Vacataire
Bourreau;Arthur;Vacataire
Vincent;Emilie;Vacataire
Duval;Lucie;Vacataire
Daniau;Aiden;Vacataire
Linville;Max;Vacataire
Test;test;
Test;test;
Nom;Prénom;Statut
Dupond;Paul;Titulaire
Leclair;Didier;Titulaire
Villeneuve;Sophie;Titulaire
Giroux;Samuel;Titulaire
Richaud;Stephan;Vacataire
Jacques;Agathe;Vacataire
Bourreau;Arthur;Vacataire
Vincent;Emilie;Vacataire
Duval;Lucie;Vacataire
Daniau;Aiden;Vacataire
Linville;Max;Vacataire
Test;test;
Test;test;
Nom;Prénom;Statut
Dupond;Paul;Titulaire
Leclair;Didier;Titulaire
Villeneuve;Sophie;Titulaire
Giroux;Samuel;Titulaire
Richaud;Stephan;Vacataire
Jacques;Agathe;Vacataire
Bourreau;Arthur;Vacataire
Vincent;Emilie;Vacataire
Duval;Lucie;Vacataire
Daniau;Aiden;Vacataire
Linville;Max;Vacataire
Test;test;
Test;test;
Nom;Prénom;Statut
Dupond;Paul;Titulaire
Leclair;Didier;Titulaire
Villeneuve;Sophie;Titulaire
Giroux;Samuel;Titulaire
Richaud;Stephan;Vacataire
Jacques;Agathe;Vacataire
Bourreau;Arthur;Vacataire
Vincent;Emilie;Vacataire
Duval;Lucie;Vacataire
Daniau;Aiden;Vacataire
Linville;Max;Vacataire
Test;test;
Test;test;
Nom;Prénom;Statut
Dupond;Paul;Titulaire
Leclair;Didier;Titulaire
Villeneuve;Sophie;Titulaire
Giroux;Samuel;Titulaire
Richaud;Stephan;Vacataire
Jacques;Agathe;Vacataire
Bourreau;Arthur;Vacataire
Vincent;Emilie;Vacataire
Duval;Lucie;Vacataire
Daniau;Aiden;Vacataire
Linville;Max;Vacataire
Test;test;
Test;test;
Nom;Prénom;Statut
Dupond;Paul;Titulaire
Leclair;Didier;Titulaire
Villeneuve;Sophie;Titulaire
Giroux;Samuel;Titulaire
Richaud;Stephan;Vacataire
Jacques;Agathe;Vacataire
Bourreau;Arthur;Vacataire
Vincent;Emilie;Vacataire
Duval;Lucie;Vacataire
Daniau;Aiden;Vacataire
Linville;Max;Vacataire
Test;test;
Test;test;
Nom;Prénom;Statut
Dupond;Paul;Titulaire
Leclair;Didier;Titulaire
Villeneuve;Sophie;Titulaire
Giroux;Samuel;Titulaire
Richaud;Stephan;Vacataire
Jacques;Agathe;Vacataire
Bourreau;Arthur;Vacataire
Vincent;Emilie;Vacataire
Duval;Lucie;Vacataire
Daniau;Aiden;Vacataire
Linville;Max;Vacataire
Test;test;
Test;test;
Nom;Prénom;Statut
Dupond;Paul;Titulaire
Leclair;Didier;Titulaire
Villeneuve;Sophie;Titulaire
Giroux;Samuel;Titulaire
Richaud;Stephan;Vacataire
Jacques;Agathe;Vacataire
Bourreau;Arthur;Vacataire
Vincent;Emilie;Vacataire
Duval;Lucie;Vacataire
Daniau;Aiden;Vacataire
Linville;Max;Vacataire
Test;test;
Test;test;
Nom;Prénom;Statut
Dupond;Paul;Titulaire
Leclair;Didier;Titulaire
Villeneuve;Sophie;Titulaire
Giroux;Samuel;Titulaire
Richaud;Stephan;Vacataire
Jacques;Agathe;Vacataire
Bourreau;Arthur;Vacataire
Vincent;Emilie;Vacataire
Duval;Lucie;Vacataire
Daniau;Aiden;Vacataire
Linville;Max;Vacataire
Test;test;
Test;test;
Nom;Prénom;Statut
Dupond;Paul;Titulaire
Leclair;Didier;Titulaire
Villeneuve;Sophie;Titulaire
Giroux;Samuel;Titulaire
Richaud;Stephan;Vacataire
Jacques;Agathe;Vacataire
Bourreau;Arthur;Vacataire
Vincent;Emilie;Vacataire
Duval;Lucie;Vacataire
Daniau;Aiden;Vacataire
Linville;Max;Vacataire
Test;test;
Test;test;
Nom;Prénom;Statut
Dupond;Paul;Titulaire
Leclair;Didier;Titulaire
Villeneuve;Sophie;Titulaire
Giroux;Samuel;Titulaire
Richaud;Stephan;Vacataire
Jacques;Agathe;Vacataire
Bourreau;Arthur;Vacataire
Vincent;Emilie;Vacataire
Duval;Lucie;Vacataire
Daniau;Aiden;Vacataire
Linville;Max;Vacataire
Test;test;
Test;test;
Nom;Prénom;Statut
Dupond;Paul;Titulaire
Leclair;Didier;Titulaire
Villeneuve;Sophie;Titulaire
Giroux;Samuel;Titulaire
Richaud;Stephan;Vacataire
Jacques;Agathe;Vacataire
Bourreau;Arthur;Vacataire
Vincent;Emilie;Vacataire
Duval;Lucie;Vacataire
Daniau;Aiden;Vacataire
Linville;Max;Vacataire
Test;test;
Test;test;
Nom;Prénom;Statut
Dupond;Paul;Titulaire
Leclair;Didier;Titulaire
Villeneuve;Sophie;Titulaire
Giroux;Samuel;Titulaire
Richaud;Stephan;Vacataire
Jacques;Agathe;Vacataire
Bourreau;Arthur;Vacataire
Vincent;Emilie;Vacataire
Duval;Lucie;Vacataire
Daniau;Aiden;Vacataire
Linville;Max;Vacataire
Test;test;
Test;test;
Nom;Prénom;Statut
Dupond;Paul;Titulaire
Leclair;Didier;Titulaire
Villeneuve;Sophie;Titulaire
Giroux;Samuel;Titulaire
Richaud;Stephan;Vacataire
Jacques;Agathe;Vacataire
Bourreau;Arthur;Vacataire
Vincent;Emilie;Vacataire
Duval;Lucie;Vacataire
Daniau;Aiden;Vacataire
Linville;Max;Vacataire
Test;test;
Test;test;
Nom;Prénom;Statut
Dupond;Paul;Titulaire
Leclair;Didier;Titulaire
Villeneuve;Sophie;Titulaire
Giroux;Samuel;Titulaire
Richaud;Stephan;Vacataire
Jacques;Agathe;Vacataire
Bourreau;Arthur;Vacataire
Vincent;Emilie;Vacataire
Duval;Lucie;Vacataire
Daniau;Aiden;Vacataire
Linville;Max;Vacataire
Test;test;
Test;test;
Nom;Prénom;Statut
Dupond;Paul;Titulaire
Leclair;Didier;Titulaire
Villeneuve;Sophie;Titulaire
Giroux;Samuel;Titulaire
Richaud;Stephan;Vacataire
Jacques;Agathe;Vacataire
Bourreau;Arthur;Vacataire
Vincent;Emilie;Vacataire
Duval;Lucie;Vacataire
Daniau;Aiden;Vacataire
Linville;Max;Vacataire
Test;test;
Test;test;
Nom;Prénom;Statut
Dupond;Paul;Titulaire
Leclair;Didier;Titulaire
Villeneuve;Sophie;Titulaire
Giroux;Samuel;Titulaire
Richaud;Stephan;Vacataire
Jacques;Agathe;Vacataire
Bourreau;Arthur;Vacataire
Vincent;Emilie;Vacataire
Duval;Lucie;Vacataire
Daniau;Aiden;Vacataire
Linville;Max;Vacataire
Test;test;
Test;test;
Nom;Prénom;Statut
Dupond;Paul;Titulaire
Leclair;Didier;Titulaire
Villeneuve;Sophie;Titulaire
Giroux;Samuel;Titulaire
Richaud;Stephan;Vacataire
Jacques;Agathe;Vacataire
Bourreau;Arthur;Vacataire
Vincent;Emilie;Vacataire
Duval;Lucie;Vacataire
Daniau;Aiden;Vacataire
Linville;Max;Vacataire
Test;test;
Test;test;
Nom;Prénom;Statut
Dupond;Paul;Titulaire
Leclair;Didier;Titulaire
Villeneuve;Sophie;Titulaire
Giroux;Samuel;Titulaire
Richaud;Stephan;Vacataire
Jacques;Agathe;Vacataire
Bourreau;Arthur;Vacataire
Vincent;Emilie;Vacataire
Duval;Lucie;Vacataire
Daniau;Aiden;Vacataire
Linville;Max;Vacataire
Test;test;
Test;test;
Nom;Prénom;Statut
Dupond;Paul;Titulaire
Leclair;Didier;Titulaire
Villeneuve;Sophie;Titulaire
Giroux;Samuel;Titulaire
Richaud;Stephan;Vacataire
Jacques;Agathe;Vacataire
Bourreau;Arthur;Vacataire
Vincent;Emilie;Vacataire
Duval;Lucie;Vacataire
Daniau;Aiden;Vacataire
Linville;Max;Vacataire
Test;test;
Test;test;
Nom;Prénom;Statut
Dupond;Paul;Titulaire
Leclair;Didier;Titulaire
Villeneuve;Sophie;Titulaire
Giroux;Samuel;Titulaire
Richaud;Stephan;Vacataire
Jacques;Agathe;Vacataire
Bourreau;Arthur;Vacataire
Vincent;Emilie;Vacataire
Duval;Lucie;Vacataire
Daniau;Aiden;Vacataire
Linville;Max;Vacataire
Test;test;
Test;test;
Nom;Prénom;Statut
Dupond;Paul;Titulaire
Leclair;Didier;Titulaire
Villeneuve;Sophie;Titulaire
Giroux;Samuel;Titulaire
Richaud;Stephan;Vacataire
Jacques;Agathe;Vacataire
Bourreau;Arthur;Vacataire
Vincent;Emilie;Vacataire
Duval;Lucie;Vacataire
Daniau;Aiden;Vacataire
Linville;Max;Vacataire
Test;test;
Test;test;
Nom;Prénom;Statut
Dupond;Paul;Titulaire
Leclair;Didier;Titulaire
Villeneuve;Sophie;Titulaire
Giroux;Samuel;Titulaire
Richaud;Stephan;Vacataire
Jacques;Agathe;Vacataire
Bourreau;Arthur;Vacataire
Vincent;Emilie;Vacataire
Duval;Lucie;Vacataire
Daniau;Aiden;Vacataire
Linville;Max;Vacataire
Test;test;
Test;test;
Nom;Prénom;Statut
Dupond;Paul;Titulaire
Leclair;Didier;Titulaire
Villeneuve;Sophie;Titulaire
Giroux;Samuel;Titulaire
Richaud;Stephan;Vacataire
Jacques;Agathe;Vacataire
Bourreau;Arthur;Vacataire
Vincent;Emilie;Vacataire
Duval;Lucie;Vacataire
Daniau;Aiden;Vacataire
Linville;Max;Vacataire
Test;test;
Test;test;
Nom;Prénom;Statut
Dupond;Paul;Titulaire
Leclair;Didier;Titulaire
Villeneuve;Sophie;Titulaire
Giroux;Samuel;Titulaire
Richaud;Stephan;Vacataire
Jacques;Agathe;Vacataire
Bourreau;Arthur;Vacataire
Vincent;Emilie;Vacataire
Duval;Lucie;Vacataire
Daniau;Aiden;Vacataire
Linville;Max;Vacataire
Test;test;
Test;test;
Nom;Prénom;Statut
Dupond;Paul;Titulaire
Leclair;Didier;Titulaire
Villeneuve;Sophie;Titulaire
Giroux;Samuel;Titulaire
Richaud;Stephan;Vacataire
Jacques;Agathe;Vacataire
Bourreau;Arthur;Vacataire
Vincent;Emilie;Vacataire
Duval;Lucie;Vacataire
Daniau;Aiden;Vacataire
Linville;Max;Vacataire
Test;test;
Test;test;
Nom;Prénom;Statut
Dupond;Paul;Titulaire
Leclair;Didier;Titulaire
Villeneuve;Sophie;Titulaire
Giroux;Samuel;Titulaire
Richaud;Stephan;Vacataire
Jacques;Agathe;Vacataire
Bourreau;Arthur;Vacataire
Vincent;Emilie;Vacataire
Duval;Lucie;Vacataire
Daniau;Aiden;Vacataire
Linville;Max;Vacataire
Test;test;
Test;test;
Nom;Prénom;Statut
Dupond;Paul;Titulaire
Leclair;Didier;Titulaire
Villeneuve;Sophie;Titulaire
Giroux;Samuel;Titulaire
Richaud;Stephan;Vacataire
Jacques;Agathe;Vacataire
Bourreau;Arthur;Vacataire
Vincent;Emilie;Vacataire
Duval;Lucie;Vacataire
Daniau;Aiden;Vacataire
Linville;Max;Vacataire
Test;test;
Test;test;
Nom;Prénom;Statut
Dupond;Paul;Titulaire
Leclair;Didier;Titulaire
Villeneuve;Sophie;Titulaire
Giroux;Samuel;Titulaire
Richaud;Stephan;Vacataire
Jacques;Agathe;Vacataire
Bourreau;Arthur;Vacataire
Vincent;Emilie;Vacataire
Duval;Lucie;Vacataire
Daniau;Aiden;Vacataire
Linville;Max;Vacataire
Test;test;
Test;test;
Nom;Prénom;Statut
Dupond;Paul;Titulaire
Leclair;Didier;Titulaire
Villeneuve;Sophie;Titulaire
Giroux;Samuel;Titulaire
Richaud;Stephan;Vacataire
Jacques;Agathe;Vacataire
Bourreau;Arthur;Vacataire
Vincent;Emilie;Vacataire
Duval;Lucie;Vacataire
Daniau;Aiden;Vacataire
Linville;Max;Vacataire
Test;test;
Test;test;
Nom;Prénom;Statut
Dupond;Paul;Titulaire
Leclair;Didier;Titulaire
Villeneuve;Sophie;Titulaire
Giroux;Samuel;Titulaire
Richaud;Stephan;Vacataire
Jacques;Agathe;Vacataire
Bourreau;Arthur;Vacataire
Vincent;Emilie;Vacataire
Duval;Lucie;Vacataire
Daniau;Aiden;Vacataire
Linville;Max;Vacataire
Test;test;
Test;test;
Nom;Prénom;Statut
Dupond;Paul;Titulaire
Leclair;Didier;Titulaire
Villeneuve;Sophie;Titulaire
Giroux;Samuel;Titulaire
Richaud;Stephan;Vacataire
Jacques;Agathe;Vacataire
Bourreau;Arthur;Vacataire
Vincent;Emilie;Vacataire
Duval;Lucie;Vacataire
Daniau;Aiden;Vacataire
Linville;Max;Vacataire
Test;test;
Test;test;
Nom;Prénom;Statut
Dupond;Paul;Titulaire
Leclair;Didier;Titulaire
Villeneuve;Sophie;Titulaire
Giroux;Samuel;Titulaire
Richaud;Stephan;Vacataire
Jacques;Agathe;Vacataire
Bourreau;Arthur;Vacataire
Vincent;Emilie;Vacataire
Duval;Lucie;Vacataire
Daniau;Aiden;Vacataire
Linville;Max;Vacataire
Test;test;
Test;test;
Nom;Prénom;Statut
Dupond;Paul;Titulaire
Leclair;Didier;Titulaire
Villeneuve;Sophie;Titulaire
Giroux;Samuel;Titulaire
Richaud;Stephan;Vacataire
Jacques;Agathe;Vacataire
Bourreau;Arthur;Vacataire
Vincent;Emilie;Vacataire
Duval;Lucie;Vacataire
Daniau;Aiden;Vacataire
Linville;Max;Vacataire
Test;test;
Test;test;
Nom;Prénom;Statut
Dupond;Paul;Titulaire
Leclair;Didier;Titulaire
Villeneuve;Sophie;Titulaire
Giroux;Samuel;Titulaire
Richaud;Stephan;Vacataire
Jacques;Agathe;Vacataire
Bourreau;Arthur;Vacataire
Vincent;Emilie;Vacataire
Duval;Lucie;Vacataire
Daniau;Aiden;Vacataire
Linville;Max;Vacataire
Test;test;
Test;test;
Nom;Prénom;Statut
Dupond;Paul;Titulaire
Leclair;Didier;Titulaire
Villeneuve;Sophie;Titulaire
Giroux;Samuel;Titulaire
Richaud;Stephan;Vacataire
Jacques;Agathe;Vacataire
Bourreau;Arthur;Vacataire
Vincent;Emilie;Vacataire
Duval;Lucie;Vacataire
Daniau;Aiden;Vacataire
Linville;Max;Vacataire
Test;test;
Test;test;
Nom;Prénom;Statut
Dupond;Paul;Titulaire
Leclair;Didier;Titulaire
Villeneuve;Sophie;Titulaire
Giroux;Samuel;Titulaire
Richaud;Stephan;Vacataire
Jacques;Agathe;Vacataire
Bourreau;Arthur;Vacataire
Vincent;Emilie;Vacataire
Duval;Lucie;Vacataire
Daniau;Aiden;Vacataire
Linville;Max;Vacataire
Test;test;
Test;test;
Nom;Prénom;Statut
Dupond;Paul;Titulaire
Leclair;Didier;Titulaire
Villeneuve;Sophie;Titulaire
Giroux;Samuel;Titulaire
Richaud;Stephan;Vacataire
Jacques;Agathe;Vacataire
Bourreau;Arthur;Vacataire
Vincent;Emilie;Vacataire
Duval;Lucie;Vacataire
Daniau;Aiden;Vacataire
Linville;Max;Vacataire
Test;test;
Test;test;
Nom;Prénom;Statut
Dupond;Paul;Titulaire
Leclair;Didier;Titulaire
Villeneuve;Sophie;Titulaire
Giroux;Samuel;Titulaire
Richaud;Stephan;Vacataire
Jacques;Agathe;Vacataire
Bourreau;Arthur;Vacataire
Vincent;Emilie;Vacataire
Duval;Lucie;Vacataire
Daniau;Aiden;Vacataire
Linville;Max;Vacataire
Test;test;
Test;test;
Nom;Prénom;Statut
Dupond;Paul;Titulaire
Leclair;Didier;Titulaire
Villeneuve;Sophie;Titulaire
Giroux;Samuel;Titulaire
Richaud;Stephan;Vacataire
Jacques;Agathe;Vacataire
Bourreau;Arthur;Vacataire
Vincent;Emilie;Vacataire
Duval;Lucie;Vacataire
Daniau;Aiden;Vacataire
Linville;Max;Vacataire
Test;test;
Test;test;
Nom;Prénom;Statut
Dupond;Paul;Titulaire
Leclair;Didier;Titulaire
Villeneuve;Sophie;Titulaire
Giroux;Samuel;Titulaire
Richaud;Stephan;Vacataire
Jacques;Agathe;Vacataire
Bourreau;Arthur;Vacataire
Vincent;Emilie;Vacataire
Duval;Lucie;Vacataire
Daniau;Aiden;Vacataire
Linville;Max;Vacataire
Test;test;
Test;test;
Nom;Prénom;Statut
Dupond;Paul;Titulaire
Leclair;Didier;Titulaire
Villeneuve;Sophie;Titulaire
Giroux;Samuel;Titulaire
Richaud;Stephan;Vacataire
Jacques;Agathe;Vacataire
Bourreau;Arthur;Vacataire
Vincent;Emilie;Vacataire
Duval;Lucie;Vacataire
Daniau;Aiden;Vacataire
Linville;Max;Vacataire
Test;test;
Test;test;
Nom;Prénom;Statut
Dupond;Paul;Titulaire
Leclair;Didier;Titulaire
Villeneuve;Sophie;Titulaire
Giroux;Samuel;Titulaire
Richaud;Stephan;Vacataire
Jacques;Agathe;Vacataire
Bourreau;Arthur;Vacataire
Vincent;Emilie;Vacataire
Duval;Lucie;Vacataire
Daniau;Aiden;Vacataire
Linville;Max;Vacataire
Test;test;
Test;test;
Nom;Prénom;Statut
Dupond;Paul;Titulaire
Leclair;Didier;Titulaire
Villeneuve;Sophie;Titulaire
Giroux;Samuel;Titulaire
Richaud;Stephan;Vacataire
Jacques;Agathe;Vacataire
Bourreau;Arthur;Vacataire
Vincent;Emilie;Vacataire
Duval;Lucie;Vacataire
Daniau;Aiden;Vacataire
Linville;Max;Vacataire
Test;test;
Test;test;
Nom;Prénom;Statut
Dupond;Paul;Titulaire
Leclair;Didier;Titulaire
Villeneuve;Sophie;Titulaire
Giroux;Samuel;Titulaire
Richaud;Stephan;Vacataire
Jacques;Agathe;Vacataire
Bourreau;Arthur;Vacataire
Vincent;Emilie;Vacataire
Duval;Lucie;Vacataire
Daniau;Aiden;Vacataire
Linville;Max;Vacataire
Test;test;
Test;test;
Nom;Prénom;Statut
Dupond;Paul;Titulaire
Leclair;Didier;Titulaire
Villeneuve;Sophie;Titulaire
Giroux;Samuel;Titulaire
Richaud;Stephan;Vacataire
Jacques;Agathe;Vacataire
Bourreau;Arthur;Vacataire
Vincent;Emilie;Vacataire
Duval;Lucie;Vacataire
Daniau;Aiden;Vacataire
Linville;Max;Vacataire
Test;test;
Test;test;
Nom;Prénom;Statut
Dupond;Paul;Titulaire
Leclair;Didier;Titulaire
Villeneuve;Sophie;Titulaire
Giroux;Samuel;Titulaire
Richaud;Stephan;Vacataire
Jacques;Agathe;Vacataire
Bourreau;Arthur;Vacataire
Vincent;Emilie;Vacataire
Duval;Lucie;Vacataire
Daniau;Aiden;Vacataire
Linville;Max;Vacataire
Test;test;
Test;test;
Nom;Prénom;Statut
Dupond;Paul;Titulaire
Leclair;Didier;Titulaire
Villeneuve;Sophie;Titulaire
Giroux;Samuel;Titulaire
Richaud;Stephan;Vacataire
Jacques;Agathe;Vacataire
Bourreau;Arthur;Vacataire
Vincent;Emilie;Vacataire
Duval;Lucie;Vacataire
Daniau;Aiden;Vacataire
Linville;Max;Vacataire
Test;test;
Test;test;
Nom;Prénom;Statut
Dupond;Paul;Titulaire
Leclair;Didier;Titulaire
Villeneuve;Sophie;Titulaire
Giroux;Samuel;Titulaire
Richaud;Stephan;Vacataire
Jacques;Agathe;Vacataire
Bourreau;Arthur;Vacataire
Vincent;Emilie;Vacataire
Duval;Lucie;Vacataire
Daniau;Aiden;Vacataire
Linville;Max;Vacataire
Test;test;
Test;test;
Nom;Prénom;Statut
Dupond;Paul;Titulaire
Leclair;Didier;Titulaire
Villeneuve;Sophie;Titulaire
Giroux;Samuel;Titulaire
Richaud;Stephan;Vacataire
Jacques;Agathe;Vacataire
Bourreau;Arthur;Vacataire
Vincent;Emilie;Vacataire
Duval;Lucie;Vacataire
Daniau;Aiden;Vacataire
Linville;Max;Vacataire
Test;test;
Test;test;
Nom;Prénom;Statut
Dupond;Paul;Titulaire
Leclair;Didier;Titulaire
Villeneuve;Sophie;Titulaire
Giroux;Samuel;Titulaire
Richaud;Stephan;Vacataire
Jacques;Agathe;Vacataire
Bourreau;Arthur;Vacataire
Vincent;Emilie;Vacataire
Duval;Lucie;Vacataire
Daniau;Aiden;Vacataire
Linville;Max;Vacataire
Test;test;
Test;test;
Nom;Prénom;Statut
Dupond;Paul;Titulaire
Leclair;Didier;Titulaire
Villeneuve;Sophie;Titulaire
Giroux;Samuel;Titulaire
Richaud;Stephan;Vacataire
Jacques;Agathe;Vacataire
Bourreau;Arthur;Vacataire
Vincent;Emilie;Vacataire
Duval;Lucie;Vacataire
Daniau;Aiden;Vacataire
Linville;Max;Vacataire
Test;test;
Test;test;
Nom;Prénom;Statut
Dupond;Paul;Titulaire
Leclair;Didier;Titulaire
Villeneuve;Sophie;Titulaire
Giroux;Samuel;Titulaire
Richaud;Stephan;Vacataire
Jacques;Agathe;Vacataire
Bourreau;Arthur;Vacataire
Vincent;Emilie;Vacataire
Duval;Lucie;Vacataire
Daniau;Aiden;Vacataire
Linville;Max;Vacataire
Test;test;
Test;test;
Nom;Prénom;Statut
Dupond;Paul;Titulaire
Leclair;Didier;Titulaire
Villeneuve;Sophie;Titulaire
Giroux;Samuel;Titulaire
Richaud;Stephan;Vacataire
Jacques;Agathe;Vacataire
Bourreau;Arthur;Vacataire
Vincent;Emilie;Vacataire
Duval;Lucie;Vacataire
Daniau;Aiden;Vacataire
Linville;Max;Vacataire
Test;test;
Test;test;
Nom;Prénom;Statut
Dupond;Paul;Titulaire
Leclair;Didier;Titulaire
Villeneuve;Sophie;Titulaire
Giroux;Samuel;Titulaire
Richaud;Stephan;Vacataire
Jacques;Agathe;Vacataire
Bourreau;Arthur;Vacataire
Vincent;Emilie;Vacataire
Duval;Lucie;Vacataire
Daniau;Aiden;Vacataire
Linville;Max;Vacataire
Test;test;
Test;test;
Nom;Prénom;Statut
Dupond;Paul;Titulaire
Leclair;Didier;Titulaire
Villeneuve;Sophie;Titulaire
Giroux;Samuel;Titulaire
Richaud;Stephan;Vacataire
Jacques;Agathe;Vacataire
Bourreau;Arthur;Vacataire
Vincent;Emilie;Vacataire
Duval;Lucie;Vacataire
Daniau;Aiden;Vacataire
Linville;Max;Vacataire
Test;test;
Test;test;
Nom;Prénom;Statut
Dupond;Paul;Titulaire
Leclair;Didier;Titulaire
Villeneuve;Sophie;Titulaire
Giroux;Samuel;Titulaire
Richaud;Stephan;Vacataire
Jacques;Agathe;Vacataire
Bourreau;Arthur;Vacataire
Vincent;Emilie;Vacataire
Duval;Lucie;Vacataire
Daniau;Aiden;Vacataire
Linville;Max;Vacataire
Test;test;
Test;test;
Nom;Prénom;Statut
Dupond;Paul;Titulaire
Leclair;Didier;Titulaire
Villeneuve;Sophie;Titulaire
Giroux;Samuel;Titulaire
Richaud;Stephan;Vacataire
Jacques;Agathe;Vacataire
Bourreau;Arthur;Vacataire
Vincent;Emilie;Vacataire
Duval;Lucie;Vacataire
Daniau;Aiden;Vacataire
Linville;Max;Vacataire
Test;test;
Test;test;
Nom;Prénom;Statut
Dupond;Paul;Titulaire
Leclair;Didier;Titulaire
Villeneuve;Sophie;Titulaire
Giroux;Samuel;Titulaire
Richaud;Stephan;Vacataire
Jacques;Agathe;Vacataire
Bourreau;Arthur;Vacataire
Vincent;Emilie;Vacataire
Duval;Lucie;Vacataire
Daniau;Aiden;Vacataire
Linville;Max;Vacataire
Test;test;
Test;test;
Nom;Prénom;Statut
Dupond;Paul;Titulaire
Leclair;Didier;Titulaire
Villeneuve;Sophie;Titulaire
Giroux;Samuel;Titulaire
Richaud;Stephan;Vacataire
Jacques;Agathe;Vacataire
Bourreau;Arthur;Vacataire
Vincent;Emilie;Vacataire
Duval;Lucie;Vacataire
Daniau;Aiden;Vacataire
Linville;Max;Vacataire
Test;test;
Test;test;
Nom;Prénom;Statut
Dupond;Paul;Titulaire
Leclair;Didier;Titulaire
Villeneuve;Sophie;Titulaire
Giroux;Samuel;Titulaire
Richaud;Stephan;Vacataire
Jacques;Agathe;Vacataire
Bourreau;Arthur;Vacataire
Vincent;Emilie;Vacataire
Duval;Lucie;Vacataire
Daniau;Aiden;Vacataire
Linville;Max;Vacataire
Test;test;
Test;test;
Nom;Prénom;Statut
Dupond;Paul;Titulaire
Leclair;Didier;Titulaire
Villeneuve;Sophie;Titulaire
Giroux;Samuel;Titulaire
Richaud;Stephan;Vacataire
Jacques;Agathe;Vacataire
Bourreau;Arthur;Vacataire
Vincent;Emilie;Vacataire
Duval;Lucie;Vacataire
Daniau;Aiden;Vacataire
Linville;Max;Vacataire
Test;test;
Test;test;
Nom;Prénom;Statut
Dupond;Paul;Titulaire
Leclair;Didier;Titulaire
Villeneuve;Sophie;Titulaire
Giroux;Samuel;Titulaire
Richaud;Stephan;Vacataire
Jacques;Agathe;Vacataire
Bourreau;Arthur;Vacataire
Vincent;Emilie;Vacataire
Duval;Lucie;Vacataire
Daniau;Aiden;Vacataire
Linville;Max;Vacataire
Test;test;
Test;test;
Nom;Prénom;Statut
Dupond;Paul;Titulaire
Leclair;Didier;Titulaire
Villeneuve;Sophie;Titulaire
Giroux;Samuel;Titulaire
Richaud;Stephan;Vacataire
Jacques;Agathe;Vacataire
Bourreau;Arthur;Vacataire
Vincent;Emilie;Vacataire
Duval;Lucie;Vacataire
Daniau;Aiden;Vacataire
Linville;Max;Vacataire
Test;test;
Test;test;
Nom;Prénom;Statut
Dupond;Paul;Titulaire
Leclair;Didier;Titulaire
Villeneuve;Sophie;Titulaire
Giroux;Samuel;Titulaire
Richaud;Stephan;Vacataire
Jacques;Agathe;Vacataire
Bourreau;Arthur;Vacataire
Vincent;Emilie;Vacataire
Duval;Lucie;Vacataire
Daniau;Aiden;Vacataire
Linville;Max;Vacataire
Test;test;
Test;test;
Nom;Prénom;Statut
Dupond;Paul;Titulaire
Leclair;Didier;Titulaire
Villeneuve;Sophie;Titulaire
Giroux;Samuel;Titulaire
Richaud;Stephan;Vacataire
Jacques;Agathe;Vacataire
Bourreau;Arthur;Vacataire
Vincent;Emilie;Vacataire
Duval;Lucie;Vacataire
Daniau;Aiden;Vacataire
Linville;Max;Vacataire
Test;test;
Test;test;
Nom;Prénom;Statut
Dupond;Paul;Titulaire
Leclair;Didier;Titulaire
Villeneuve;Sophie;Titulaire
Giroux;Samuel;Titulaire
Richaud;Stephan;Vacataire
Jacques;Agathe;Vacataire
Bourreau;Arthur;Vacataire
Vincent;Emilie;Vacataire
Duval;Lucie;Vacataire
Daniau;Aiden;Vacataire
Linville;Max;Vacataire
Test;test;
Test;test;
Nom;Prénom;Statut
Dupond;Paul;Titulaire
Leclair;Didier;Titulaire
Villeneuve;Sophie;Titulaire
Giroux;Samuel;Titulaire
Richaud;Stephan;Vacataire
Jacques;Agathe;Vacataire
Bourreau;Arthur;Vacataire
Vincent;Emilie;Vacataire
Duval;Lucie;Vacataire
Daniau;Aiden;Vacataire
Linville;Max;Vacataire
Test;test;
Test;test;
Nom;Prénom;Statut
Dupond;Paul;Titulaire
Leclair;Didier;Titulaire
Villeneuve;Sophie;Titulaire
Giroux;Samuel;Titulaire
Richaud;Stephan;Vacataire
Jacques;Agathe;Vacataire
Bourreau;Arthur;Vacataire
Vincent;Emilie;Vacataire
Duval;Lucie;Vacataire
Daniau;Aiden;Vacataire
Linville;Max;Vacataire
Test;test;
Test;test;
Nom;Prénom;Statut
Dupond;Paul;Titulaire
Leclair;Didier;Titulaire
Villeneuve;Sophie;Titulaire
Giroux;Samuel;Titulaire
Richaud;Stephan;Vacataire
Jacques;Agathe;Vacataire
Bourreau;Arthur;Vacataire
Vincent;Emilie;Vacataire
Duval;Lucie;Vacataire
Daniau;Aiden;Vacataire
Linville;Max;Vacataire
Test;test;
Test;test;
Nom;Prénom;Statut
Dupond;Paul;Titulaire
Leclair;Didier;Titulaire
Villeneuve;Sophie;Titulaire
Giroux;Samuel;Titulaire
Richaud;Stephan;Vacataire
Jacques;Agathe;Vacataire
Bourreau;Arthur;Vacataire
Vincent;Emilie;Vacataire
Duval;Lucie;Vacataire
Daniau;Aiden;Vacataire
Linville;Max;Vacataire
Test;test;
Test;test;
Nom;Prénom;Statut
Dupond;Paul;Titulaire
Leclair;Didier;Titulaire
Villeneuve;Sophie;Titulaire
Giroux;Samuel;Titulaire
Richaud;Stephan;Vacataire
Jacques;Agathe;Vacataire
Bourreau;Arthur;Vacataire
Vincent;Emilie;Vacataire
Duval;Lucie;Vacataire
Daniau;Aiden;Vacataire
Linville;Max;Vacataire
Test;test;
Test;test;
Nom;Prénom;Statut
Dupond;Paul;Titulaire
Leclair;Didier;Titulaire
Villeneuve;Sophie;Titulaire
Giroux;Samuel;Titulaire
Richaud;Stephan;Vacataire
Jacques;Agathe;Vacataire
Bourreau;Arthur;Vacataire
Vincent;Emilie;Vacataire
Duval;Lucie;Vacataire
Daniau;Aiden;Vacataire
Linville;Max;Vacataire
Test;test;
Test;test;
Nom;Prénom;Statut
Dupond;Paul;Titulaire
Leclair;Didier;Titulaire
Villeneuve;Sophie;Titulaire
Giroux;Samuel;Titulaire
Richaud;Stephan;Vacataire
Jacques;Agathe;Vacataire
Bourreau;Arthur;Vacataire
Vincent;Emilie;Vacataire
Duval;Lucie;Vacataire
Daniau;Aiden;Vacataire
Linville;Max;Vacataire
Test;test;
Test;test;
Nom;Prénom;Statut
Dupond;Paul;Titulaire
Leclair;Didier;Titulaire
Villeneuve;Sophie;Titulaire
Giroux;Samuel;Titulaire
Richaud;Stephan;Vacataire
Jacques;Agathe;Vacataire
Bourreau;Arthur;Vacataire
Vincent;Emilie;Vacataire
Duval;Lucie;Vacataire
Daniau;Aiden;Vacataire
Linville;Max;Vacataire
Test;test;
Test;test;
Nom;Prénom;Statut
Dupond;Paul;Titulaire
Leclair;Didier;Titulaire
Villeneuve;Sophie;Titulaire
Giroux;Samuel;Titulaire
Richaud;Stephan;Vacataire
Jacques;Agathe;Vacataire
Bourreau;Arthur;Vacataire
Vincent;Emilie;Vacataire
Duval;Lucie;Vacataire
Daniau;Aiden;Vacataire
Linville;Max;Vacataire
Test;test;
Test;test;
Nom;Prénom;Statut
Dupond;Paul;Titulaire
Leclair;Didier;Titulaire
Villeneuve;Sophie;Titulaire
Giroux;Samuel;Titulaire
Richaud;Stephan;Vacataire
Jacques;Agathe;Vacataire
Bourreau;Arthur;Vacataire
Vincent;Emilie;Vacataire
Duval;Lucie;Vacataire
Daniau;Aiden;Vacataire
Linville;Max;Vacataire
Test;test;
Test;test;
Nom;Prénom;Statut
Dupond;Paul;Titulaire
Leclair;Didier;Titulaire
Villeneuve;Sophie;Titulaire
Giroux;Samuel;Titulaire
Richaud;Stephan;Vacataire
Jacques;Agathe;Vacataire
Bourreau;Arthur;Vacataire
Vincent;Emilie;Vacataire
Duval;Lucie;Vacataire
Daniau;Aiden;Vacataire
Linville;Max;Vacataire
Test;test;
Test;test;
Nom;Prénom;Statut
Dupond;Paul;Titulaire
Leclair;Didier;Titulaire
Villeneuve;Sophie;Titulaire
Giroux;Samuel;Titulaire
Richaud;Stephan;Vacataire
Jacques;Agathe;Vacataire
Bourreau;Arthur;Vacataire
Vincent;Emilie;Vacataire
Duval;Lucie;Vacataire
Daniau;Aiden;Vacataire
Linville;Max;Vacataire
Test;test;
Test;test;
Nom;Prénom;Statut
Dupond;Paul;Titulaire
Leclair;Didier;Titulaire
Villeneuve;Sophie;Titulaire
Giroux;Samuel;Titulaire
Richaud;Stephan;Vacataire
Jacques;Agathe;Vacataire
Bourreau;Arthur;Vacataire
Vincent;Emilie;Vacataire
Duval;Lucie;Vacataire
Daniau;Aiden;Vacataire
Linville;Max;Vacataire
Test;test;
Test;test;
Nom;Prénom;Statut
Dupond;Paul;Titulaire
Leclair;Didier;Titulaire
Villeneuve;Sophie;Titulaire
Giroux;Samuel;Titulaire
Richaud;Stephan;Vacataire
Jacques;Agathe;Vacataire
Bourreau;Arthur;Vacataire
Vincent;Emilie;Vacataire
Duval;Lucie;Vacataire
Daniau;Aiden;Vacataire
Linville;Max;Vacataire
Test;test;
Test;test;
Nom;Prénom;Statut
Dupond;Paul;Titulaire
Leclair;Didier;Titulaire
Villeneuve;Sophie;Titulaire
Giroux;Samuel;Titulaire
Richaud;Stephan;Vacataire
Jacques;Agathe;Vacataire
Bourreau;Arthur;Vacataire
Vincent;Emilie;Vacataire
Duval;Lucie;Vacataire
Daniau;Aiden;Vacataire
Linville;Max;Vacataire
Test;test;
Test;test;
Nom;Prénom;Statut
Dupond;Paul;Titulaire
Leclair;Didier;Titulaire
Villeneuve;Sophie;Titulaire
Giroux;Samuel;Titulaire
Richaud;Stephan;Vacataire
Jacques;Agathe;Vacataire
Bourreau;Arthur;Vacataire
Vincent;Emilie;Vacataire
Duval;Lucie;Vacataire
Daniau;Aiden;Vacataire
Linville;Max;Vacataire
Test;test;
Test;test;
Nom;Prénom;Statut
Dupond;Paul;Titulaire
Leclair;Didier;Titulaire
Villeneuve;Sophie;Titulaire
Giroux;Samuel;Titulaire
Richaud;Stephan;Vacataire
Jacques;Agathe;Vacataire
Bourreau;Arthur;Vacataire
Vincent;Emilie;Vacataire
Duval;Lucie;Vacataire
Daniau;Aiden;Vacataire
Linville;Max;Vacataire
Test;test;
Test;test;
Nom;Prénom;Statut
Dupond;Paul;Titulaire
Leclair;Didier;Titulaire
Villeneuve;Sophie;Titulaire
Giroux;Samuel;Titulaire
Richaud;Stephan;Vacataire
Jacques;Agathe;Vacataire
Bourreau;Arthur;Vacataire
Vincent;Emilie;Vacataire
Duval;Lucie;Vacataire
Daniau;Aiden;Vacataire
Linville;Max;Vacataire
Test;test;
Test;test;
Nom;Prénom;Statut
Dupond;Paul;Titulaire
Leclair;Didier;Titulaire
Villeneuve;Sophie;Titulaire
Giroux;Samuel;Titulaire
Richaud;Stephan;Vacataire
Jacques;Agathe;Vacataire
Bourreau;Arthur;Vacataire
Vincent;Emilie;Vacataire
Duval;Lucie;Vacataire
Daniau;Aiden;Vacataire
Linville;Max;Vacataire
Test;test;
Test;test;
Nom;Prénom;Statut
Dupond;Paul;Titulaire
Leclair;Didier;Titulaire
Villeneuve;Sophie;Titulaire
Giroux;Samuel;Titulaire
Richaud;Stephan;Vacataire
Jacques;Agathe;Vacataire
Bourreau;Arthur;Vacataire
Vincent;Emilie;Vacataire
Duval;Lucie;Vacataire
Daniau;Aiden;Vacataire
Linville;Max;Vacataire
Test;test;
Test;test;
Nom;Prénom;Statut
Dupond;Paul;Titulaire
Leclair;Didier;Titulaire
Villeneuve;Sophie;Titulaire
Giroux;Samuel;Titulaire
Richaud;Stephan;Vacataire
Jacques;Agathe;Vacataire
Bourreau;Arthur;Vacataire
Vincent;Emilie;Vacataire
Duval;Lucie;Vacataire
Daniau;Aiden;Vacataire
Linville;Max;Vacataire
Test;test;
Test;test;
Nom;Prénom;Statut
Dupond;Paul;Titulaire
Leclair;Didier;Titulaire
Villeneuve;Sophie;Titulaire
Giroux;Samuel;Titulaire
Richaud;Stephan;Vacataire
Jacques;Agathe;Vacataire
Bourreau;Arthur;Vacataire
Vincent;Emilie;Vacataire
Duval;Lucie;Vacataire
Daniau;Aiden;Vacataire
Linville;Max;Vacataire
Test;test;
Test;test;
Nom;Prénom;Statut
Dupond;Paul;Titulaire
Leclair;Didier;Titulaire
Villeneuve;Sophie;Titulaire
Giroux;Samuel;Titulaire
Richaud;Stephan;Vacataire
Jacques;Agathe;Vacataire
Bourreau;Arthur;Vacataire
Vincent;Emilie;Vacataire
Duval;Lucie;Vacataire
Daniau;Aiden;Vacataire
Linville;Max;Vacataire
Test;test;
Test;test;
Nom;Prénom;Statut
Dupond;Paul;Titulaire
Leclair;Didier;Titulaire
Villeneuve;Sophie;Titulaire
Giroux;Samuel;Titulaire
Richaud;Stephan;Vacataire
Jacques;Agathe;Vacataire
Bourreau;Arthur;Vacataire
Vincent;Emilie;Vacataire
Duval;Lucie;Vacataire
Daniau;Aiden;Vacataire
Linville;Max;Vacataire
Test;test;
Test;test;
Nom;Prénom;Statut
Dupond;Paul;Titulaire
Leclair;Didier;Titulaire
Villeneuve;Sophie;Titulaire
Giroux;Samuel;Titulaire
Richaud;Stephan;Vacataire
Jacques;Agathe;Vacataire
Bourreau;Arthur;Vacataire
Vincent;Emilie;Vacataire
Duval;Lucie;Vacataire
Daniau;Aiden;Vacataire
Linville;Max;Vacataire
Test;test;
Test;test;
Nom;Prénom;Statut
Dupond;Paul;Titulaire
Leclair;Didier;Titulaire
Villeneuve;Sophie;Titulaire
Giroux;Samuel;Titulaire
Richaud;Stephan;Vacataire
Jacques;Agathe;Vacataire
Bourreau;Arthur;Vacataire
Vincent;Emilie;Vacataire
Duval;Lucie;Vacataire
Daniau;Aiden;Vacataire
Linville;Max;Vacataire
Test;test;
Test;test;
Nom;Prénom;Statut
Dupond;Paul;Titulaire
Leclair;Didier;Titulaire
Villeneuve;Sophie;Titulaire
Giroux;Samuel;Titulaire
Richaud;Stephan;Vacataire
Jacques;Agathe;Vacataire
Bourreau;Arthur;Vacataire
Vincent;Emilie;Vacataire
Duval;Lucie;Vacataire
Daniau;Aiden;Vacataire
Linville;Max;Vacataire
Test;test;
Test;test;
Nom;Prénom;Statut
Dupond;Paul;Titulaire
Leclair;Didier;Titulaire
Villeneuve;Sophie;Titulaire
Giroux;Samuel;Titulaire
Richaud;Stephan;Vacataire
Jacques;Agathe;Vacataire
Bourreau;Arthur;Vacataire
Vincent;Emilie;Vacataire
Duval;Lucie;Vacataire
Daniau;Aiden;Vacataire
Linville;Max;Vacataire
Test;test;
Test;test;
Nom;Prénom;Statut
Dupond;Paul;Titulaire
Leclair;Didier;Titulaire
Villeneuve;Sophie;Titulaire
Giroux;Samuel;Titulaire
Richaud;Stephan;Vacataire
Jacques;Agathe;Vacataire
Bourreau;Arthur;Vacataire
Vincent;Emilie;Vacataire
Duval;Lucie;Vacataire
Daniau;Aiden;Vacataire
Linville;Max;Vacataire
Test;test;
Test;test;
Nom;Prénom;Statut
Dupond;Paul;Titulaire
Leclair;Didier;Titulaire
Villeneuve;Sophie;Titulaire
Giroux;Samuel;Titulaire
Richaud;Stephan;Vacataire
Jacques;Agathe;Vacataire
Bourreau;Arthur;Vacataire
Vincent;Emilie;Vacataire
Duval;Lucie;Vacataire
Daniau;Aiden;Vacataire
Linville;Max;Vacataire
Test;test;
Test;test;
Nom;Prénom;Statut
Dupond;Paul;Titulaire
Leclair;Didier;Titulaire
Villeneuve;Sophie;Titulaire
Giroux;Samuel;Titulaire
Richaud;Stephan;Vacataire
Jacques;Agathe;Vacataire
Bourreau;Arthur;Vacataire
Vincent;Emilie;Vacataire
Duval;Lucie;Vacataire
Daniau;Aiden;Vacataire
Linville;Max;Vacataire
Test;test;
Test;test;
Nom;Prénom;Statut
Dupond;Paul;Titulaire
Leclair;Didier;Titulaire
Villeneuve;Sophie;Titulaire
Giroux;Samuel;Titulaire
Richaud;Stephan;Vacataire
Jacques;Agathe;Vacataire
Bourreau;Arthur;Vacataire
Vincent;Emilie;Vacataire
Duval;Lucie;Vacataire
Daniau;Aiden;Vacataire
Linville;Max;Vacataire
Test;test;
Test;test;
Nom;Prénom;Statut
Dupond;Paul;Titulaire
Leclair;Didier;Titulaire
Villeneuve;Sophie;Titulaire
Giroux;Samuel;Titulaire
Richaud;Stephan;Vacataire
Jacques;Agathe;Vacataire
Bourreau;Arthur;Vacataire
Vincent;Emilie;Vacataire
Duval;Lucie;Vacataire
Daniau;Aiden;Vacataire
Linville;Max;Vacataire
Test;test;
Test;test;
Nom;Prénom;Statut
Dupond;Paul;Titulaire
Leclair;Didier;Titulaire
Villeneuve;Sophie;Titulaire
Giroux;Samuel;Titulaire
Richaud;Stephan;Vacataire
Jacques;Agathe;Vacataire
Bourreau;Arthur;Vacataire
Vincent;Emilie;Vacataire
Duval;Lucie;Vacataire
Daniau;Aiden;Vacataire
Linville;Max;Vacataire
Test;test;
Test;test;
Nom;Prénom;Statut
Dupond;Paul;Titulaire
Leclair;Didier;Titulaire
Villeneuve;Sophie;Titulaire
Giroux;Samuel;Titulaire
Richaud;Stephan;Vacataire
Jacques;Agathe;Vacataire
Bourreau;Arthur;Vacataire
Vincent;Emilie;Vacataire
Duval;Lucie;Vacataire
Daniau;Aiden;Vacataire
Linville;Max;Vacataire
Test;test;
Test;test;
Nom;Prénom;Statut
Dupond;Paul;Titulaire
Leclair;Didier;Titulaire
Villeneuve;Sophie;Titulaire
Giroux;Samuel;Titulaire
Richaud;Stephan;Vacataire
Jacques;Agathe;Vacataire
Bourreau;Arthur;Vacataire
Vincent;Emilie;Vacataire
Duval;Lucie;Vacataire
Daniau;Aiden;Vacataire
Linville;Max;Vacataire
Test;test;
Test;test;
Nom;Prénom;Statut
Dupond;Paul;Titulaire
Leclair;Didier;Titulaire
Villeneuve;Sophie;Titulaire
Giroux;Samuel;Titulaire
Richaud;Stephan;Vacataire
Jacques;Agathe;Vacataire
Bourreau;Arthur;Vacataire
Vincent;Emilie;Vacataire
Duval;Lucie;Vacataire
Daniau;Aiden;Vacataire
Linville;Max;Vacataire
Test;test;
Test;test;
Nom;Prénom;Statut
Dupond;Paul;Titulaire
Leclair;Didier;Titulaire
Villeneuve;Sophie;Titulaire
Giroux;Samuel;Titulaire
Richaud;Stephan;Vacataire
Jacques;Agathe;Vacataire
Bourreau;Arthur;Vacataire
Vincent;Emilie;Vacataire
Duval;Lucie;Vacataire
Daniau;Aiden;Vacataire
Linville;Max;Vacataire
Test;test;
Test;test;
Nom;Prénom;Statut
Dupond;Paul;Titulaire
Leclair;Didier;Titulaire
Villeneuve;Sophie;Titulaire
Giroux;Samuel;Titulaire
Richaud;Stephan;Vacataire
Jacques;Agathe;Vacataire
Bourreau;Arthur;Vacataire
Vincent;Emilie;Vacataire
Duval;Lucie;Vacataire
Daniau;Aiden;Vacataire
Linville;Max;Vacataire
Test;test;
Test;test;
Nom;Prénom;Statut
Dupond;Paul;Titulaire
Leclair;Didier;Titulaire
Villeneuve;Sophie;Titulaire
Giroux;Samuel;Titulaire
Richaud;Stephan;Vacataire
Jacques;Agathe;Vacataire
Bourreau;Arthur;Vacataire
Vincent;Emilie;Vacataire
Duval;Lucie;Vacataire
Daniau;Aiden;Vacataire
Linville;Max;Vacataire
Test;test;
Test;test;
Nom;Prénom;Statut
Dupond;Paul;Titulaire
Leclair;Didier;Titulaire
Villeneuve;Sophie;Titulaire
Giroux;Samuel;Titulaire
Richaud;Stephan;Vacataire
Jacques;Agathe;Vacataire
Bourreau;Arthur;Vacataire
Vincent;Emilie;Vacataire
Duval;Lucie;Vacataire
Daniau;Aiden;Vacataire
Linville;Max;Vacataire
Test;test;
Test;test;
Nom;Prénom;Statut
Dupond;Paul;Titulaire
Leclair;Didier;Titulaire
Villeneuve;Sophie;Titulaire
Giroux;Samuel;Titulaire
Richaud;Stephan;Vacataire
Jacques;Agathe;Vacataire
Bourreau;Arthur;Vacataire
Vincent;Emilie;Vacataire
Duval;Lucie;Vacataire
Daniau;Aiden;Vacataire
Linville;Max;Vacataire
Test;test;
Test;test;
Nom;Prénom;Statut
Dupond;Paul;Titulaire
Leclair;Didier;Titulaire
Villeneuve;Sophie;Titulaire
Giroux;Samuel;Titulaire
Richaud;Stephan;Vacataire
Jacques;Agathe;Vacataire
Bourreau;Arthur;Vacataire
Vincent;Emilie;Vacataire
Duval;Lucie;Vacataire
Daniau;Aiden;Vacataire
Linville;Max;Vacataire
Test;test;
Test;test;
Nom;Prénom;Statut
Dupond;Paul;Titulaire
Leclair;Didier;Titulaire
Villeneuve;Sophie;Titulaire
Giroux;Samuel;Titulaire
Richaud;Stephan;Vacataire
Jacques;Agathe;Vacataire
Bourreau;Arthur;Vacataire
Vincent;Emilie;Vacataire
Duval;Lucie;Vacataire
Daniau;Aiden;Vacataire
Linville;Max;Vacataire
Test;test;
Test;test;
Nom;Prénom;Statut
Dupond;Paul;Titulaire
Leclair;Didier;Titulaire
Villeneuve;Sophie;Titulaire
Giroux;Samuel;Titulaire
Richaud;Stephan;Vacataire
Jacques;Agathe;Vacataire
Bourreau;Arthur;Vacataire
Vincent;Emilie;Vacataire
Duval;Lucie;Vacataire
Daniau;Aiden;Vacataire
Linville;Max;Vacataire
Test;test;
Test;test;
Nom;Prénom;Statut
Dupond;Paul;Titulaire
Leclair;Didier;Titulaire
Villeneuve;Sophie;Titulaire
Giroux;Samuel;Titulaire
Richaud;Stephan;Vacataire
Jacques;Agathe;Vacataire
Bourreau;Arthur;Vacataire
Vincent;Emilie;Vacataire
Duval;Lucie;Vacataire
Daniau;Aiden;Vacataire
Linville;Max;Vacataire
Test;test;
Test;test;
Nom;Prénom;Statut
Dupond;Paul;Titulaire
Leclair;Didier;Titulaire
Villeneuve;Sophie;Titulaire
Giroux;Samuel;Titulaire
Richaud;Stephan;Vacataire
Jacques;Agathe;Vacataire
Bourreau;Arthur;Vacataire
Vincent;Emilie;Vacataire
Duval;Lucie;Vacataire
Daniau;Aiden;Vacataire
Linville;Max;Vacataire
Test;test;
Test;test;
Nom;Prénom;Statut
Dupond;Paul;Titulaire
Leclair;Didier;Titulaire
Villeneuve;Sophie;Titulaire
Giroux;Samuel;Titulaire
Richaud;Stephan;Vacataire
Jacques;Agathe;Vacataire
Bourreau;Arthur;Vacataire
Vincent;Emilie;Vacataire
Duval;Lucie;Vacataire
Daniau;Aiden;Vacataire
Linville;Max;Vacataire
Test;test;
Test;test;
Nom;Prénom;Statut
Dupond;Paul;Titulaire
Leclair;Didier;Titulaire
Villeneuve;Sophie;Titulaire
Giroux;Samuel;Titulaire
Richaud;Stephan;Vacataire
Jacques;Agathe;Vacataire
Bourreau;Arthur;Vacataire
Vincent;Emilie;Vacataire
Duval;Lucie;Vacataire
Daniau;Aiden;Vacataire
Linville;Max;Vacataire
Test;test;
Test;test;
Nom;Prénom;Statut
Dupond;Paul;Titulaire
Leclair;Didier;Titulaire
Villeneuve;Sophie;Titulaire
Giroux;Samuel;Titulaire
Richaud;Stephan;Vacataire
Jacques;Agathe;Vacataire
Bourreau;Arthur;Vacataire
Vincent;Emilie;Vacataire
Duval;Lucie;Vacataire
Daniau;Aiden;Vacataire
Linville;Max;Vacataire
Test;test;
Test;test;
Nom;Prénom;Statut
Dupond;Paul;Titulaire
Leclair;Didier;Titulaire
Villeneuve;Sophie;Titulaire
Giroux;Samuel;Titulaire
Richaud;Stephan;Vacataire
Jacques;Agathe;Vacataire
Bourreau;Arthur;Vacataire
Vincent;Emilie;Vacataire
Duval;Lucie;Vacataire
Daniau;Aiden;Vacataire
Linville;Max;Vacataire
Test;test;
Test;test;
